Название,Цена
Гадкий я рюкзак игрушка Миньон,"
1345
"
Гадкий я рюкзак для детей Миньон,"
2909
"
Гадкий я рюкзак школьный Миньон,"
2595
"
Dispicable Me 2 - Air set Easy to Use Wave 02,"
1242
"
Dispicable Me 2 - Air set Easy to Use Wave 03,"
1242
"
Dispicable Me 2 - Air set Easy to Use Wave 04,"
1242
"
Рюкзак игрушка Миньон - девочка,"
1554
"
Slipper Plush Despicable Me Minion,"
1721
"
Пижама детская Миньоны,"
719
"
Гадкий я сумка игрушка Миньон,"
1867
"
Гадкий Я 3 игрушка Миньон Дейв Алоха говорящий,"
4693
"
Миньон Стюарт 3D-светильник Гадкий Я,"
3639
"
Гадкий Я мягкая игрушка Агнес,"
1982
"
Despicable Me 2 Deluxe 3D,"
784
"
Despicable Me 2 Minions USB 2.0 Flash Memory Drive 8 GB,"
678
"
Despicable Me 2 Minions USB 2.0 Memory Drive 8 GB,"
678
"
Despicable Me 2 Minions USB Flash Memory Drive 16 GB,"
991
"
Despicable Me 2 Minions Yellow & Purple Music and Light Effect,"
1304
"
Despicable Me 2 Mini Speaker,"
1825
"
Despicable Me 2 Piggy Bank,"
1304
"
Despicable Me 2 Plush Bag Clip Jerry,"
1304
"
Despicable Me 2 Plush Bag Clip Purple Minion 1-Eye,"
1032
"
Despicable Me 2 Plush Bag Clip Purple Minion 2-Eye,"
1032
"
Despicable Me 2 Plush Bag Clip Stuart,"
1304
"
Despicable Me 2 View Master 3D Viewer,"
1242
"
Despicable Me 3 Deluxe Action Figure,"
494
"
Despicable Me 3 Minions Figures,"
1721
"
Despicable Me Minion Dave Figure,"
1982
"
Despicable Me Minion Keychian Series 01,"
366
"
Despicable Me Minion Night Light,"
3639
"
Гадкий Я флэшка Миньоны Супергерои 8 GB и 16 GB,"
825
"
Despicable Me Minion Star Wars Series 01,"
700
"
Minions iHome Bluetooth Speaker,"
4693
"
Unicorn USB 2.0 Flash Memory Drive 16 GB,"
991
"
Watches and Purses — Despicable Me,"
407
"
Гадкий Я лампа настольная Миньон — Minion Led Night Lamp,"
1554
"
Гадкий Я Часы из Пластинки — Миньоны,"
1242
"
Гадкий Я Часы из Пластинки — Миньоны Banana,"
1242
"
Миньон детский комплект футболка и шорты голубые,"
928
"
Миньоны футболка детская,"
615
"
Пижама кигуруми Миньон,"
2595
"
Тапочки Гадкий я Единорог,"
1554
"
Тапочки Единорог — Unicorn Slippers,"
1554
"
Единорог кружка керамическая,"
1345
"
Гадкий Я Рюкзак Единорог,"
2595
"
Единорог брелок игрушка мягкая Флаффи,"
719
"
3D светильник Миньон военный — 3D light Mignon military,"
1867
"
3D светильник Миньон — 3D light Mignon,"
1867
"
Миньоны Набор керамической посуды — Posuda Minions,"
825
"
Миньоны маленькие Кружка керамическая — Cup Minions,"
365
"
Миньоны Кружка керамическая — Cup Minions,"
365
"
Миньоны Гордится Тем Что Кружка керамическая — Cup Minions,"
365
"
Миньон детский комплект футболка и шорты,"
928
"
Гадкий Я светильник настольный Миньоны,"
1554
"
Гадкий Я 2 игрушка Единорог Флаффи в ассортименте,"
1242
"
Электромобиль детский скутер трехколесный Миньон,"
16580
"
Гадкий Я Часы из Пластинки,"
1242
"
Гадкий я беспроводной динамик Миньон в ассортименте,"
1982
"
Монстрики портативная музыкальная станция,"
1982
"
Тапочки Гадкий я Единорог без задника,"
1554
"
Гадкий Я игрушка мягкая Единорог Флаффи 35 см,"
1774
"
Гадкий Я ростовой костюм Миньон,"
8864
"
Гадкий Я 3 фигурка Funko POP,"
1659
"
Гадкий Я 2 мягкая игрушка пес Кайл,"
1982
"
Гадкий Я 2 игрушка говорящая Агнес,"
8864
"
Гадкий Я игрушка миньон Стюарт говорящий,"
10324
"
Гадкий Я 2 фигурки героев мультфильма,"
1032
"
Гадкий Я фигурка героя из мультфильма,"
1032
"
Despicable Me 2 Dancing Dave Action Figure,"
7820
"
Гадкий я 3 фигурки Миньонов в ассортименте,"
1762
"
Гадкий я фигурки в ассортименте,"
2595
"
Гадкий я 3 набор миниатюрных фигурок,"
1982
"
Миньоны игрушка интерактивная Стюарт с гитарой,"
7820
"
Minions Movie British Invasion Deluxe — King Bob,"
6153
"
Гадкий я 2 Грю говорящая игрушка,"
14495
"
Гадкий я 2 интерактивная игрушка Миньон Дейв и Боб,"
25964
"
Гадкий я мягкая игрушка миньон Стюарт,"
3639
"
Гадкий Я фигурки Миньонов в ассортименте,"
2284
"
Гадкий Я брелок бластер пукач,"
1554
"
Миньоны рация игрушечная Стюарт и Дэйв,"
3831
"
Супер Марио футболка Миньоны,"
942
"
Рюкзак школьный Миньон,"
2909
"
Детский рюкзак Миньон ,"
1554
"
Minifigures Despicable Me Blocks Building,"
1242
"
